Name,address,country,biography,photo
Ambassador Theatre Group,,,,
Really Useful Theatres / Nederlander Organization,,,,
Nederlander Organization,,,,
Stephen Waley-Cohen,,,,
Nimax Theatres,,,,
Ambassador Theatre Group,,,,
JJ Goodman Ltd.,,,,
Really Useful Theatres,,,,
Criterion Theatre Trust,,,,
Delfont Mackintosh Theatres,,,,
The Theatre of Comedy Company,,,,
Crown Estate,,,,
Trafalgar Entertainment Group,,,,
Buddies In Bad Times Theatre,,,,
Theatre Passe Muraille,,,,
American Shakespeare Theatre ,,,,
Jujamcyn Theaters,,,,
Shubert Organization,,,,
Roundabout Theatre Company,,,,
Nederlander Organization,,,,
Independent,,,,
Second Stage Theater,,,,
Ambassador Theatre Group,,,,
Disney Theatrical Group,,,,
Manhattan Theatre Club,,,,
Lincoln Center Theatre,,,,
